CQG,Native
C.US.BIBX,ID
C.US.BPE,GBU
C.US.BXA,BA
C.US.CAE,UCD
C.US.CCB,V6
C.US.CCE,CC
C.US.CLE,CL
C.US.CLE1,1CL
C.US.CLE2,2CL
C.US.CLE3,3CL
C.US.CLE4,4CL
C.US.CLE5,5CL
C.US.CPE,HG
C.US.CPE1,1HG
C.US.CPE2,2HG
C.US.CPE3,3HG
C.US.CPE4,4HG
C.US.CPE5,5HG
C.US.CSC,CHE
C.US.CTE,CT
C.US.CTE1,1CT
C.US.CTE2,2CT
C.US.CTE3,3CT
C.US.CTE4,4CT
C.US.CTE5,5CT
C.US.DAE,AUA
C.US.DB,FGBL
C.US.DBO1,1RX
C.US.DBO2,2RX
C.US.DBO3,3RX
C.US.DBO4,4RX
C.US.DBO5,5RX
C.US.DFA,DJI
C.US.DFA1,1DJI
C.US.DFA2,2DJI
C.US.DFA4,4DJI
C.US.DG,FGBS
C.US.DINRO,IRD
C.US.DL,FGBM
C.US.DSX,FESX
C.US.DXE,DX
C.US.E01,1K
C.US.E02,2K
C.US.E03,3K
C.US.ENQ,NQ
C.US.EP,ES
C.US.EP11,IWWW1
C.US.EP12,IWWW2
C.US.EP13,IWWW3
C.US.EP14,IWWW4
C.US.EP15,IWWW5
C.US.EP31,ESW1
C.US.EP32,ESW2
C.US.EP33,ESW3
C.US.EP34,ESW4
C.US.EP35,ESW5
C.US.ET,WBS
C.US.EUE,EUU
C.US.EV,SCA
C.US.EW,EW
C.US.EW1,1E
C.US.EW2,2E
C.US.EW3,3E
C.US.EW4,4E
C.US.FBR,VE
C.US.FEF,FEF
C.US.FEU,FP
C.US.FEXD,DED
C.US.FGBX,UB
C.US.FRI,VE
C.US.FVA,ZF
C.US.FVA1,1I
C.US.FVA2,2I
C.US.FVA3,3I
C.US.FVA4,4I
C.US.FVA5,5I
C.US.GCE,GC
C.US.GCE1,GC
C.US.GCE2,GC
C.US.GCE3,GC
C.US.GCE4,GC
C.US.GCE5,GC
C.US.GDC,DA
C.US.GDK,KV
C.US.GDY,DRW
C.US.GE,ED
C.US.GE0,0E
C.US.GE2,2E
C.US.GE3,3E
C.US.GE4,4E
C.US.GE5,5E
C.US.GF,GF
C.US.GLE,LE
C.US.GLE1,1LC
C.US.GLE2,2LC
C.US.GLE3,3LC
C.US.GLE4,4LC
C.US.GLE5,5LC
C.US.GNF,LE
C.US.HBS,IR
C.US.HE,HE
C.US.HEA,BEA
C.US.HEE,BEE
C.US.HHI,HC
C.US.HOE,HO
C.US.HSI,HI
C.US.HTS,YM
C.US.HXS,XM
C.US.ISPO,FTSEMIB
C.US.IW,IWT
C.US.JEY,YE
C.US.JGB,JB
C.US.JM,TMI
C.US.JNK,NK
C.US.JNKY1,1NK
C.US.JNKY3,3NK
C.US.JNKY4,4NK
C.US.JNKY5,5NK
C.US.JTPX,TP
C.US.JYE,JPU
C.US.KCE,KC
C.US.KCE1,1KC
C.US.KCE2,2KC
C.US.KCE3,3KC
C.US.KCE4,4KC
C.US.KCE5,5KC
C.US.KOS,KM
C.US.KWE,KW
C.US.KWE1,1KW
C.US.KWE2,2KW
C.US.KWE3,3KW
C.US.KWE4,4KW
C.US.KWE5,5KW
C.US.KWED,KW
C.US.LBS,LBS
C.US.LRC,DF
C.US.MHI,HU
C.US.MKP,MKP
C.US.MWE,MW
C.US.MX6,PE
C.US.NBB,ZB
C.US.NE6,6N
C.US.NGE,NG
C.US.NGE1,1NG
C.US.NGE2,2NG
C.US.NGE3,3NG
C.US.NGE4,4NG
C.US.NGE5,5NG
C.US.NKD,NKD
C.US.NQG,QG
C.US.NQM,QM
C.US.NSM,PMA
C.US.OCPO,KO
C.US.OES2,WSX5EB
C.US.OJE,JO
C.US.OKLI,IK
C.US.PAE,PA
C.US.PIL,JFCE
C.US.PLE,PL
C.US.QEA,ER
C.US.QFA,Z
C.US.QGA,G 
C.US.QN1,NQ
C.US.QN2,NQ
C.US.QN3,NQ
C.US.QN4,NQ
C.US.QN5,5O
C.US.QNA,ES
C.US.QO,BRN
C.US.QP,G
C.US.QS,1QP
C.US.QS2,2QP
C.US.QS3,3QP
C.US.QS4,4QP
C.US.QS5,5QP
C.US.QSA,L 
C.US.QU,FN
C.US.QW,QW
C.US.RBE,RB
C.US.RC,RR
C.US.RTM,RME
C.US.RTY,RTY
C.US.RTY1,RUW1
C.US.RTY2,RUW
C.US.RTY3,RUW3
C.US.RTY4,RUW4
C.US.RU6,UR
C.US.SA6,RA
C.US.SBE,SB
C.US.SBE1,1SB
C.US.SBE2,2SB
C.US.SBE3,3SB
C.US.SBE4,4SB
C.US.SBE5,5SB
C.US.SET50,SET50
C.US.SFA,SWB
C.US.SIE,SI
C.US.SIE1,SI
C.US.SIE2,SI
C.US.SIE3,3SI
C.US.SIE4,SI
C.US.SIE5,SI
C.US.TFE,RTA
C.US.TNA,UXY
C.US.TNA1,1TN
C.US.TNA2,2TN
C.US.TNA3,3TN
C.US.TNA4,4TN
C.US.TNA5,5TN
C.US.TUA,ZT
C.US.TUA1,1W
C.US.TUA2,2W
C.US.TUA3,3W
C.US.TUA4,4W
C.US.TUA5,5W
C.US.TYA,ZN
C.US.TYA1,1M
C.US.TYA2,2M
C.US.TYA3,3M
C.US.TYA4,4M
C.US.TYA5,5M
C.US.ULA,WN
C.US.ULA1,1J
C.US.ULA2,2J
C.US.ULA3,3J
C.US.ULA4,4J
C.US.ULA5,5J
C.US.USA,ZB
C.US.USA1,1C
C.US.USA2,2C
C.US.USA3,3C
C.US.USA4,4C
C.US.USA5,5C
C.US.WAW,WHI
C.US.WMP,MMR
C.US.WR,RS
C.US.YG,XG
C.US.YI,YS
C.US.YM,YM
C.US.YMD1,1DOW5
C.US.YMD2,1DOW5
C.US.YMD4,1DOW5
C.US.ZA,TW
C.US.ZCE,ZC
C.US.ZCED,ODC
C.US.ZG,QZ
C.US.ZLE,ZL
C.US.ZLE1,1EF
C.US.ZLE2,2EF
C.US.ZLE3,3EF
C.US.ZLE4,4EF
C.US.ZLE5,5EF
C.US.ZLED,EF
C.US.ZME,ZM
C.US.ZME1,1SM
C.US.ZME2,2SM
C.US.ZME3,3SM
C.US.ZME4,4SM
C.US.ZME5,5SM
C.US.ZMED,SM
C.US.ZN,NI
C.US.ZOE,O
C.US.ZQE,FF
C.US.ZRE,RR
C.US.ZSE,ZS
C.US.ZSE1,1S
C.US.ZSE2,2S
C.US.ZSE3,3S
C.US.ZSE4,4S
C.US.ZSE5,5S
C.US.ZSED,ODS
C.US.ZWA,ZW
C.US.ZWA1,1W
C.US.ZWA2,2W
C.US.ZWA3,3W
C.US.ZWA4,4W
C.US.ZWA5,5W
C.US.ZWAD,ODW
F.CN.I,IOE
F.US.ACF,IAC
F.US.ACM,CM
F.US.AFB,FY
F.US.ALSI,TOP40
F.US.AMF,AMA
F.US.AP,XP
F.US.AWM,MV
F.US.BBW,WBA
F.US.BIBX,ID
F.US.BP6,6B
F.US.BR6,6L
F.US.BRL,UUB
F.US.BTC,BTC
F.US.BTR,BTD
F.US.BXA,BA
F.US.C4F,SXC
F.US.C5F,SYC
F.US.CA6,6C
F.US.CB,CN
F.US.CCB,V6
F.US.CCE,CC
F.US.CCET,CCT
F.US.CCF,CCI
F.US.CIF,SMI
F.US.CJ,FCO
F.US.CLE,CL
F.US.CLT,YG
F.US.CN,CN
F.US.CNH,CHY
F.US.CPE,HG
F.US.CPO,PLO
F.US.CPT,TAY
F.US.CRF,CFR
F.US.CSC,CHE
F.US.CSX,VH
F.US.CTE,CT
F.US.CTET,CTT
F.US.CUS,UCA
F.US.DA6,6A
F.US.DB,FGBL
F.US.DBSX,SED
F.US.DD,FDAX
F.US.DF,DJI
F.US.DG,FGBS
F.US.DGO,DG
F.US.DINR,DINR
F.US.DL,FGBM
F.US.DSX,FESX
F.US.DTX,VH
F.US.DXE,DX
F.US.EAD,EA
F.US.EB,RP
F.US.EDA,GE
F.US.EDAB2,BNDL2
F.US.EEU,EE
F.US.EINR,SIR
F.US.EJY,JE
F.US.EMD,FA
F.US.ENC,NL
F.US.ENQ,NQ
F.US.ENZD,NV
F.US.EP,ES
F.US.ER,EN
F.US.ESB,CA
F.US.E,WBS
F.US.ETT,ENT
F.US.EU6,6E
F.US.F1T,D1
F.US.F2T,D2
F.US.F4T,D4
F.US.F5T,D5
F.US.FB,INC
F.US.FBR,VE
F.US.FBTM,MFB
F.US.FBTP,IK
F.US.FBTS,BTS
F.US.FBUT,BUT
F.US.FDXM,FDXM
F.US.FEF,FEF
F.US.FEPP,FEP
F.US.FEU,FP
F.US.FEXD,DED
F.US.FGBX,UB
F.US.FGLD,FGD
F.US.FHOG,FHO
F.US.FKLI,IK
F.US.FM7I,FMC
F.US.FMX,XMC
F.US.FMZA,ZWL
F.US.FOAM,BTA
F.US.FOAT,OAT
F.US.FPIG,FPI
F.US.FPIGS1,PIG
F.US.FPKO,KGA
F.US.FPOL,FPO
F.US.FR,RF
F.US.FRI,VE
F.US.FSMP,FSP
F.US.FTI,EO
F.US.FUPO,MDS
F.US.FUS,UR
F.US.FVA,ZF
F.US.FVS,FVS
F.US.FWHY,FHY
F.US.FXXE,SXI
F.US.FXXP,SXO
F.US.GB10,TMD
F.US.GB50,TGB
F.US.GCE,GC
F.US.GCK,KGC
F.US.GCN,JC
F.US.GCT,TAS
F.US.GDC,DA
F.US.GDK,KV
F.US.GDY,DRW
F.US.GF,GF
F.US.GFT,TFE
F.US.GI,GI
F.US.GLE,LE
F.US.GMCD,MCD
F.US.GNF,LE
F.US.GOF,PGI
F.US.GPLN,PP
F.US.GSB,JS
F.US.GWE,FN
F.US.H,WX
F.US.H3B,HR
F.US.HBS,IR
F.US.HE,HE
F.US.HEA,BEA
F.US.HED,BXB
F.US.HEE,BEE
F.US.HEH,BXE
F.US.HHI,HC
F.US.HOE,HO
F.US.HOL,HOL
F.US.HOT,ZL
F.US.HRC,HRC
F.US.HRF,RSC
F.US.HSI,HI
F.US.HTS,YM
F.US.HXS,XM
F.US.IB,IB
F.US.IBCR,IB
F.US.ICN,ICR
F.US.ID,IDO
F.US.ILS,IS
F.US.IMSP,IY
F.US.ISP,ST
F.US.IW,IWT
F.US.JEY,YE
F.US.JG,BI
F.US.JGB,JB
F.US.JGBM,MJB
F.US.JMT,TMI
F.US.JNK,NK
F.US.JTPX,TP
F.US.JY6,6J
F.US.JY6W3,JY
F.US.K10B,KAA
F.US.K3B,KE
F.US.KCE,KC
F.US.KCET,KCT
F.US.KIW,KIW
F.US.KOS,KM
F.US.KOSG,KM
F.US.KRF,SKR
F.US.KRK,KRP
F.US.KRW,KO
F.US.KT,FCC
F.US.KWE,KW
F.US.KWET,KET
F.US.LBS,LBS
F.US.LGS,WB
F.US.LIB,LIB
F.US.LIC,LIC
F.US.LIE,LIE
F.US.LIT,LIT
F.US.LIW,LIW
F.US.LIY,LIY
F.US.LRA,RAL
F.US.LRC,DF
F.US.LRCT,WWC
F.US.LRCU,RUC
F.US.LRZ,RVW
F.US.M1F,PSI
F.US.M3F,PXO
F.US.M58,MBB
F.US.M6A,CRD
F.US.M6B,CRP
F.US.M6C,CRC
F.US.M6E,CRE
F.US.M6S,CRT
F.US.MCH,MHC
F.US.MD,SSI
F.US.MFS,MFS
F.US.MGC,MGC
F.US.MHI,HU
F.US.MJNK,NO
F.US.MK,XO
F.US.MKP,MKP
F.US.MME,MES
F.US.MPO,KO
F.US.MQC,QC
F.US.MQI,QI
F.US.MQO,QO
F.US.MWE,MW
F.US.MX6,PE
F.US.MY,MYI
F.US.NBB,ZB
F.US.NCF,XW
F.US.NDA,ND
F.US.NE6,6N
F.US.NGE,NG
F.US.NGT,RK
F.US.NIFT,ONY
F.US.NIY,NH
F.US.NJF,PJI
F.US.NK6,NO
F.US.NKD,NKD
F.US.NKYD,INT
F.US.NME,BQY
F.US.NQG,QG
F.US.NQH,QX
F.US.NQM,QM
F.US.NQU,QU
F.US.NS,MNI
F.US.NSM,PMA
F.US.NTT,FCT
F.US.OAD,LAA
F.US.OCAD,LPA
F.US.OJE,JO
F.US.OJET,JOT
F.US.OLD,LYA
F.US.OMD,LKA
F.US.OND,LNA
F.US.OPD,LLA
F.US.OSD,LTA
F.US.OZD,LX
F.US.PAE,PA
F.US.PEC,PEC
F.US.PES,PEW
F.US.PHI,SSP
F.US.PIL,JFCE
F.US.PJY,PJ
F.US.PLE,PL
F.US.PLT,PLP
F.US.PM,IJ
F.US.PPC,PCC
F.US.PPS,PSS
F.US.PSF,PS
F.US.PV,CA
F.US.PZ,EP
F.US.QAA,QAB
F.US.QC,C
F.US.QEA,ER
F.US.QFA,Z
F.US.QGA,G 
F.US.QHO,NV
F.US.QMA,ATW
F.US.QNA,ES
F.US.QO,BRN
F.US.QOQ,QM
F.US.QOT,COT
F.US.QP,G
F.US.QPT,QST
F.US.QSA,L 
F.US.QU,FN
F.US.QW,QW
F.US.QWT,OMP
F.US.RBE,RB
F.US.RBT,RF
F.US.RFE,RM
F.US.RGE,RGA
F.US.RGFold,RGR
F.US.RMB,CNH
F.US.RPT,UST
F.US.RTY,RTY
F.US.RU6,RU
F.US.RVE,RVB
F.US.S50,BC
F.US.SA6,RA
F.US.SBE,SB
F.US.SBET,SBT
F.US.SC,FB
F.US.SE,W5
F.US.SF6,6S
F.US.SIE,SI
F.US.SIL,SIO
F.US.SIR,SIR
F.US.SIT,TAW
F.US.SK6,SE
F.US.SMC,GN
F.US.SOYA,S A
F.US.SPA,SP
F.US.STB,BJ
F.US.STI,SD
F.US.SUNS,SUA
F.US.SW,SM
F.US.TCO,CP
F.US.TFE,RTA
F.US.TGD,JG
F.US.TGO,EL
F.US.TGS,JV
F.US.THA,SST
F.US.TIC,TIA
F.US.TIO,TIO
F.US.TKR,JX
F.US.TMG,JGP
F.US.TNA,UXY
F.US.TNAR1,RUXY
F.US.TP,PT
F.US.TPA,JM
F.US.TPL,JA
F.US.TPM,MJA
F.US.TPY,TPY
F.US.TRM,TMR
F.US.TRU,JN
F.US.TRY,TUR
F.US.TRYUSD,A1
F.US.TSL,JI
F.US.TUA,ZT
F.US.TYA,ZN
F.US.U,UGL
F.US.UAE,NS
F.US.UCR,DO
F.US.UKW,KO
F.US.ULA,WN
F.US.ULS,QSM
F.US.USA,ZB
F.US.UTL,TUR
F.US.UVE,UGC
F.US.UX,MO
F.US.VCF,VIS
F.US.VX,VX
F.US.VX1,1U
F.US.VX2,2U
F.US.VX3,3U
F.US.VX4,4U
F.US.VX5,5U
F.US.VXT,VXT
F.US.VXT1,VXT1
F.US.VXT2,VXT2
F.US.VXT3,VXT3
F.US.VXT4,VXT4
F.US.VXT5,VXT5
F.US.WAW,WHI
F.US.WEAT,W A
F.US.WMAZ,WZA
F.US.WMP,MMR
F.US.WR,RS
F.US.WRT,RST
F.US.WSE,AG
F.US.X30,QC
F.US.XBT,XBT
F.US.XC,YC
F.US.Y2,YBY
F.US.YG,XG
F.US.YI,YS
F.US.YM,YM
F.US.YMAZ,YWA
F.US.YO,FSB
F.US.YR,RY
F.US.ZA,TW
F.US.ZAA,TW
F.US.ZAPA,APE
F.US.ZAR,ZRA
F.US.ZCE,ZC
F.US.ZCET,CZT
F.US.ZCY,XCY
F.US.ZEE,DL1
F.US.ZFT,TF
F.US.ZFTZRT,ORRG
F.US.ZG,QZ
F.US.ZH,VS
F.US.ZI,ZI
F.US.ZIN,IN
F.US.ZJA,XAY
F.US.ZJW,XWY
F.US.ZL,EF
F.US.ZLE,ZL
F.US.ZLET,SAW
F.US.ZME,ZM
F.US.ZMET,SAY
F.US.ZNA,NK
F.US.ZND,MND
F.US.ZOE,O
F.US.ZQE,FF
F.US.ZRE,RR
F.US.ZRT,RG
F.US.ZSE,ZS
F.US.ZSET,SAR
F.US.ZT,BJ
F.US.ZU,N8
F.US.ZUA,XUA
F.US.ZUC,UC
F.US.ZUI,IU
F.US.ZUJ,XJP
F.US.ZUS,XUS
F.US.ZUT,XTB
F.US.ZUW,XUW
F.US.ZUY,XJY
F.US.ZWA,ZW
F.US.ZWAT,ZTW
F.US.ZY,EY
P.US.BIBX,ID
P.US.BPE,GBU
P.US.BXA,BA
P.US.CAE,UCD
P.US.CCB,V6
P.US.CCE,CC
P.US.CLE,CL
P.US.CLE1,1CL
P.US.CLE2,2CL
P.US.CLE3,3CL
P.US.CLE4,4CL
P.US.CLE5,5CL
P.US.CPE,HG
P.US.CPE1,1HG
P.US.CPE2,2HG
P.US.CPE3,3HG
P.US.CPE4,4HG
P.US.CPE5,5HG
P.US.CSC,CHE
P.US.CTE,CT
P.US.CTE1,1CT
P.US.CTE2,2CT
P.US.CTE3,3CT
P.US.CTE4,4CT
P.US.CTE5,5CT
P.US.DAE,AUA
P.US.DB,FGBL
P.US.DBO1,1RX
P.US.DBO2,2RX
P.US.DBO3,3RX
P.US.DBO4,4RX
P.US.DBO5,5RX
P.US.DFA,DJI
P.US.DFA1,1DJI
P.US.DFA2,2DJI
P.US.DFA4,4DJI
P.US.DG,FGBS
P.US.DINRO,IRD
P.US.DL,FGBM
P.US.DSX,FESX
P.US.DXE,DX
P.US.E01,1K
P.US.E02,2K
P.US.E03,3K
P.US.ENQ,NQ
P.US.EP,ES
P.US.EP11,IWWW1
P.US.EP12,IWWW2
P.US.EP13,IWWW3
P.US.EP14,IWWW4
P.US.EP15,IWWW5
P.US.EP31,ESW1
P.US.EP32,ESW2
P.US.EP33,ESW3
P.US.EP34,ESW4
P.US.EP35,ESW5
P.US.ET,WBS
P.US.EUE,EUU
P.US.EV,SCA
P.US.EW,EW
P.US.EW1,1E
P.US.EW2,2E
P.US.EW3,3E
P.US.EW4,4E
P.US.FBR,VE
P.US.FEF,FEF
P.US.FEU,FP
P.US.FEXD,DED
P.US.FGBX,UB
P.US.FRI,VE
P.US.FVA,ZF
P.US.FVA1,1I
P.US.FVA2,2I
P.US.FVA3,3I
P.US.FVA4,4I
P.US.FVA5,5I
P.US.GCE,GC
P.US.GCE1,GC
P.US.GCE2,GC
P.US.GCE3,GC
P.US.GCE4,GC
P.US.GCE5,GC
P.US.GDC,DA
P.US.GDK,KV
P.US.GDY,DRW
P.US.GE,ED
P.US.GE0,0E
P.US.GE2,2E
P.US.GE3,3E
P.US.GE4,4E
P.US.GE5,5E
P.US.GF,GF
P.US.GLE,LE
P.US.GLE1,1LC
P.US.GLE2,2LC
P.US.GLE3,3LC
P.US.GLE4,4LC
P.US.GLE5,5LC
P.US.GNF,LE
P.US.HBS,IR
P.US.HE,HE
P.US.HEA,BEA
P.US.HEE,BEE
P.US.HHI,HC
P.US.HOE,HO
P.US.HSI,HI
P.US.HTS,YM
P.US.HXS,XM
P.US.ISPO,FTSEMIB
P.US.IW,IWT
P.US.JEY,YE
P.US.JGB,JB
P.US.JM,TMI
P.US.JNK,NK
P.US.JNKY1,1NK
P.US.JNKY3,3NK
P.US.JNKY4,4NK
P.US.JNKY5,5NK
P.US.JTPX,TP
P.US.JYE,JPU
P.US.KCE,KC
P.US.KCE1,1KC
P.US.KCE2,2KC
P.US.KCE3,3KC
P.US.KCE4,4KC
P.US.KCE5,5KC
P.US.KOS,KM
P.US.KWE,KW
P.US.KWE1,1KW
P.US.KWE2,2KW
P.US.KWE3,3KW
P.US.KWE4,4KW
P.US.KWE5,5KW
P.US.KWED,KW
P.US.LBS,LBS
P.US.LRC,DF
P.US.MHI,HU
P.US.MKP,MKP
P.US.MWE,MW
P.US.MX6,PE
P.US.NBB,ZB
P.US.NE6,6N
P.US.NGE,NG
P.US.NGE1,1NG
P.US.NGE2,2NG
P.US.NGE3,3NG
P.US.NGE4,4NG
P.US.NGE5,5NG
P.US.NKD,NKD
P.US.NQG,QG
P.US.NQM,QM
P.US.NSM,PMA
P.US.OCPO,KO
P.US.OES2,WSX5EB
P.US.OJE,JO
P.US.OKLI,IK
P.US.PAE,PA
P.US.PIL,JFCE
P.US.PLE,PL
P.US.QEA,ER
P.US.QFA,Z
P.US.QGA,G 
P.US.QN1,NQ
P.US.QN2,NQ
P.US.QN3,NQ
P.US.QN4,NQ
P.US.QN5,5O
P.US.QNA,ES
P.US.QO,BRN
P.US.QP,G
P.US.QS,1QP
P.US.QS2,2QP
P.US.QS3,3QP
P.US.QS4,4QP
P.US.QS5,5QP
P.US.QSA,L 
P.US.QU,FN
P.US.QW,QW
P.US.RBE,RB
P.US.RC,RR
P.US.RTM,RME
P.US.RTY,RTY
P.US.RTY1,RUW1
P.US.RTY2,RUW2
P.US.RTY3,RUW3
P.US.RTY4,RUW4
P.US.RU6,UR
P.US.SA6,RA
P.US.SBE,SB
P.US.SBE1,1SB
P.US.SBE2,2SB
P.US.SBE3,3SB
P.US.SBE4,4SB
P.US.SBE5,5SB
P.US.SET50,SET50
P.US.SFA,SWB
P.US.SIE,SI
P.US.SIE1,SI
P.US.SIE2,SI
P.US.SIE3,3SI
P.US.SIE4,SI
P.US.SIE5,SI
P.US.TFE,RTA
P.US.TNA,UXY
P.US.TNA1,1TN
P.US.TNA2,2TN
P.US.TNA3,3TN
P.US.TNA4,4TN
P.US.TNA5,5TN
P.US.TUA,ZT
P.US.TUA1,1W
P.US.TUA2,2W
P.US.TUA3,3W
P.US.TUA4,4W
P.US.TUA5,5W
P.US.TYA,ZN
P.US.TYA1,1M
P.US.TYA2,2M
P.US.TYA3,3M
P.US.TYA4,4M
P.US.TYA5,5M
P.US.ULA,WN
P.US.ULA1,1J
P.US.ULA2,2J
P.US.ULA3,3J
P.US.ULA4,4J
P.US.ULA5,5J
P.US.USA,ZB
P.US.USA1,1C
P.US.USA2,2C
P.US.USA3,3C
P.US.USA4,4C
P.US.USA5,5C
P.US.WAW,WHI
P.US.WMP,MMR
P.US.WR,RS
P.US.YG,XG
P.US.YI,YS
P.US.YM,YM
P.US.YMD1,1DOW5
P.US.YMD2,1DOW5
P.US.YMD4,1DOW5
P.US.ZA,TW
P.US.ZCE,ZC
P.US.ZCED,ODC
P.US.ZG,QZ
P.US.ZLE,ZL
P.US.ZLE1,1EF
P.US.ZLE2,2EF
P.US.ZLE3,3EF
P.US.ZLE4,4EF
P.US.ZLE5,5EF
P.US.ZLED,EF
P.US.ZME,ZM
P.US.ZME1,1SM
P.US.ZME2,2SM
P.US.ZME3,3SM
P.US.ZME4,4SM
P.US.ZME5,5SM
P.US.ZMED,SM
P.US.ZN,NI
P.US.ZOE,O
P.US.ZQE,FF
P.US.ZRE,RR
P.US.ZSE,ZS
P.US.ZSE1,1S
P.US.ZSE2,2S
P.US.ZSE3,3S
P.US.ZSE4,4S
P.US.ZSE5,5S
P.US.ZSED,ODS
P.US.ZWA,ZW
P.US.ZWA1,1W
P.US.ZWA2,2W
P.US.ZWA3,3W
P.US.ZWA4,4W
P.US.ZWA5,5W
P.US.ZWAD,ODW
X.US.LALZ,LMAHDS03
X.US.LDKZ,LMCADS03
X.US.LEDZ,LMPBDS03
X.US.LNIZ,LN
X.US.LTIZ,LMSNDS03
X.US.LZHZ,LMZSDS03
C.US.BTC,BTC
F.US.BZ,BZ
F.US.ETQO,ETQO
F.US.MES,MES
F.US.MYM,MYM
